region,state,region_key,time,temp_avg,rain_total,humidity_avg,rain_variance,max_temp,max_temp_3d,max_rain_1d,dry_spell_days,temp_lag_7,rain_lag_14,pH,N,P,K,N_class,P_class,K_class,soil_health_index,irrigation_index,rotation_score,fertility_class,time_step_missing,climate_gap_filled,soil_imputed,geo_confidence,data_confidence,crop_prob_grapes,crop_prob_maize,crop_prob_millet,crop_prob_onion,crop_prob_ragi,crop_prob_rice
Mysuru,Karnataka,karnataka__mysuru,2024-06,29.666666666666668,27.9,70.83333333333333,12.169166666666667,34.3,34.3,11.2,1,29.666666666666668,27.9,6.4,360.0,22.0,245.0,medium,medium,medium,83.95,0.7331,0.8073,medium,0,0,0,1.0,1.0,0.0,0.13157894736842105,0.0,0.0,0.3684210526315789,0.5
Mysuru,Karnataka,karnataka__mysuru,2024-07,27.03333333333333,46.900000000000006,82.16666666666667,18.134722222222223,31.0,31.0,13.8,1,29.666666666666668,27.9,6.5,372.0,23.0,251.0,medium,medium,medium,87.02,0.616,0.8238,medium,0,0,0,1.0,1.0,0.0,0.12,0.0,0.0,0.37,0.51
Nashik,Maharashtra,maharashtra__nashik,2024-06,30.866666666666664,40.1,68.83333333333333,17.23472222222222,36.2,36.2,13.1,1,30.866666666666664,40.1,7.1,295.0,12.0,175.0,medium,medium,medium,59.79,0.4127,0.6238,medium,0,0,0,1.0,1.0,0.4888888888888889,0.1111111111111111,0.0,0.4,0.0,0.0
Nashik,Maharashtra,maharashtra__nashik,2024-07,27.76666666666667,50.69999999999999,79.66666666666667,27.895833333333332,32.0,32.0,16.9,1,30.866666666666664,40.1,7.0,302.0,13.0,181.0,medium,medium,medium,62.64,0.3525,0.643,medium,0,0,0,1.0,1.0,0.4519774011299435,0.1016949152542373,0.0,0.4463276836158192,0.0,0.0
Pune,Maharashtra,maharashtra__pune,2024-06,30.16666666666667,62.800000000000004,79.5,48.28555555555556,35.1,35.1,21.5,1,30.16666666666667,62.800000000000004,6.7,410.0,18.0,215.0,medium,medium,medium,78.5,0.4733,0.7397,medium,0,0,0,1.0,1.0,0.0,0.225,0.175,0.0,0.0,0.6
Pune,Maharashtra,maharashtra__pune,2024-07,27.099999999999998,76.79999999999998,89.33333333333333,60.676666666666655,31.5,31.5,24.2,1,30.16666666666667,62.800000000000004,6.6,425.0,19.0,220.0,medium,medium,medium,81.62,0.4003,0.7311,medium,0,0,0,1.0,1.0,0.0,0.2,0.15,0.0,0.0,0.65
